community,year,events-total,events-red_purple,events-orange,events-yellow,media-seconds-red_purple,median-seconds-orange,median-seconds-yellow
Vancouver,2024,85129,38592,24768,20065,641,"1,221","2,522"
Vancouver,2023,84965,36165,27332,19300,652,"1,356","3,164"
Vancouver,2022,75106,28357,25773,19817,671,"1,293","2,933"
Vancouver,2021,79219,27848,26786,24585,583,922,804
Vancouver,2019,86711,24966,27377,34368,466,638,"1,341"
Surrey,2024,53036,23644,14840,13356,744,"1,336","2,147"
Vancouver,2018,84952,22517,24983,37452,459,588,"1,139"
Vancouver,2020,80533,22461,25683,32389,495,679,"1,375"
Surrey,2023,49746,19995,15893,12709,748,"1,405","2,434"
Surrey,2022,48611,17763,16636,13442,749,"1,366","2,405"
Surrey,2021,51693,16524,16937,18232,664,"1,000",403
Surrey,2019,49529,13436,15176,20917,580,742,"1,214"
Surrey,2018,50182,13186,14493,22503,570,718,"1,133"
Surrey,2020,50377,13106,15568,21703,585,769,"1,228"
Kelowna,2024,25539,9203,7161,8922,505,684,"1,167"
Victoria,2024,20993,8072,6391,6292,481,669,"1,473"
Kelowna,2023,24935,8055,7883,8719,494,671,"1,131"
Abbotsford,2024,20331,7962,5478,6651,569,738,"1,000"
Burnaby,2024,18908,7613,5676,5069,797,"1,469","2,531"
Nanaimo,2024,19662,7199,5294,7023,526,662,"1,111"
Victoria,2023,19930,7041,6508,6277,473,664,"1,466"
Nanaimo,2023,20158,6997,6104,6950,507,644,"1,118"
Abbotsford,2023,19977,6919,6101,6725,569,750,"1,045"
Kelowna,2022,23566,6731,7381,9174,510,700,"1,150"
Langley,2024,16543,6476,4770,4926,805,"1,239","1,763"
Burnaby,2023,17995,6464,6113,4889,826,"1,602","2,928"
Abbotsford,2022,18963,6322,5946,6467,576,796,"1,157"
Richmond,2024,15939,5810,4418,5413,806,"1,149","1,496"
Kamloops,2024,17077,5754,4866,6128,531,646,969
Kelowna,2021,23367,5743,6958,10666,460,588,909
Burnaby,2022,17470,5707,6232,5225,809,"1,442","2,670"
Victoria,2022,18475,5703,6114,6567,473,630,"1,322"
Abbotsford,2021,19090,5612,5655,7823,547,729,"1,076"
Chilliwack,2024,15624,5553,4308,5626,558,687,"1,013"
Langley,2023,15389,5427,5031,4643,819,"1,295","2,046"
Kamloops,2023,17072,5389,5372,6017,514,659,994
Prince George,2024,13462,5361,3883,3984,488,655,"1,026"
Other Communities,2021,17202,5119,4683,7400,87,207,498
Nanaimo,2022,17117,5099,5402,6496,540,683,"1,146"
Burnaby,2021,17279,5055,6011,6213,735,"1,129",865
Prince George,2023,13525,4976,4283,4207,477,679,"1,062"
Chilliwack,2023,14787,4963,4444,5259,557,750,"1,085"
Victoria,2021,17777,4934,5595,7248,438,559,"1,022"
Other Communities,2020,15964,4884,4278,6802,35,106,448
Richmond,2023,15027,4853,4619,5273,799,"1,210","1,653"
Langley,2022,14836,4782,5249,4621,830,"1,359","2,119"
Victoria,2019,18325,4759,5429,8137,414,504,846
Kelowna,2020,19861,4661,5761,9439,467,569,884
Kelowna,2019,19743,4660,5533,9550,456,558,845
Burnaby,2019,18734,4639,6153,7942,603,809,112
Victoria,2018,17886,4607,5199,8080,411,495,822
Kamloops,2022,16048,4604,5086,6101,548,742,"1,127"
Other Communities,2018,14414,4525,3463,6426,19,98,317
Kelowna,2018,19624,4509,5453,9662,442,524,806
Other Communities,2019,14666,4495,3778,6393,0,93,333
Burnaby,2018,18561,4435,5639,8487,600,766,"1,380"
Abbotsford,2019,17208,4426,4940,7842,513,632,910
Langley,2021,15424,4392,5170,5862,771,"1,109",318
Abbotsford,2020,17259,4359,5000,7900,522,634,913
Victoria,2020,16559,4309,4990,7260,430,532,916
Burnaby,2020,17728,4296,5766,7666,634,848,189
Nanaimo,2021,16907,4182,5009,7716,505,608,911
Maple Ridge,2024,10087,4179,2677,3077,617,880,"1,146"
Saanich,2024,11833,4125,3312,4221,561,737,"1,418"
Richmond,2022,13566,4108,4603,4712,804,"1,228","1,737"
Prince George,2022,12305,4104,4054,4101,496,684,"1,030"
North Vancouver,2024,11941,4101,3499,4167,699,"1,029","1,412"
Coquitlam,2024,10367,4043,2969,3146,796,"1,200","1,732"
Chilliwack,2022,13234,4014,4240,4889,589,801,"1,209"
Abbotsford,2018,16540,3923,4668,7949,527,617,871
Kamloops,2021,15130,3846,4545,6739,515,647,935
Chilliwack,2021,14383,3828,4221,6334,564,706,"1,056"
Langley,2019,14973,3802,4673,6498,652,814,"1,245"
Nanaimo,2019,15528,3788,4382,7358,471,548,760
Nanaimo,2018,15081,3703,4210,7168,468,544,764
Prince George,2021,12006,3693,3657,4656,501,633,877
Langley,2020,15151,3650,4636,6865,675,865,"1,274"
Maple Ridge,2023,9866,3602,3058,3065,676,962,"1,414"
Saanich,2023,11995,3601,3914,4420,555,736,"1,465"
New Westminster,2024,8317,3591,2338,2179,770,"1,363","2,383"
Nanaimo,2020,15232,3571,4416,7245,492,578,810
North Vancouver,2023,11057,3501,3592,3820,704,"1,102","1,601"
Richmond,2021,12580,3489,3997,5094,722,"1,001",190
Duncan,2024,8795,3487,2470,2809,497,603,953
Delta,2024,8918,3448,2631,2672,946,"1,426","2,039"
Langley,2018,14461,3447,4292,6722,642,777,"1,184"
Vernon,2024,10295,3435,2895,3915,465,568,887
Richmond,2019,14285,3408,4359,6518,633,802,"1,259"
Kamloops,2019,13893,3320,3971,6602,522,612,836
Coquitlam,2023,9573,3311,3148,2893,824,"1,273","2,042"
Kamloops,2018,13509,3282,3731,6496,510,606,870
New Westminster,2023,8171,3185,2658,2132,775,"1,451","2,496"
Kamloops,2020,13551,3158,4027,6366,503,621,860
Richmond,2018,14105,3137,3986,6982,628,755,"1,159"
Chilliwack,2019,12802,3112,3605,6085,516,621,909
Chilliwack,2020,13131,3098,3761,6272,535,649,940
Delta,2023,8479,3032,2805,2485,982,"1,499","2,303"
Prince George,2020,10553,2998,3115,4440,479,595,826
Vernon,2023,9976,2997,3224,3713,464,568,857
Maple Ridge,2022,8921,2992,2980,2858,694,"1,037","1,511"
Chilliwack,2018,12566,2970,3465,6131,525,633,916
Coquitlam,2022,9376,2955,3226,3056,809,"1,283","1,905"
Maple Ridge,2021,9415,2922,3029,3464,618,881,"1,213"
Campbell River,2024,7579,2915,2240,2376,529,664,"1,139"
Richmond,2020,12111,2891,3717,5503,634,805,"1,282"
North Vancouver,2022,10324,2823,3640,3786,682,986,"1,548"
Saanich,2022,11353,2823,3772,4693,544,711,"1,333"
Prince George,2019,9825,2764,2719,4342,444,539,753
Coquitlam,2021,9842,2744,3250,3848,747,"1,031",273
Prince George,2018,9682,2718,2569,4395,439,524,719
Penticton,2024,8535,2711,2305,3483,476,595,797
Delta,2022,8187,2703,2843,2546,957,"1,486","2,352"
Duncan,2023,7683,2646,2344,2659,481,583,916
Penticton,2023,8505,2642,2610,3220,462,585,796
New Westminster,2021,8040,2604,2684,2752,709,"1,031",700
Saanich,2021,11184,2566,3479,5139,511,628,"1,074"
Saanich,2019,11154,2564,3317,5273,469,550,904
New Westminster,2022,7624,2559,2692,2246,767,"1,368","2,453"
North Vancouver,2021,10864,2530,3626,4708,645,878,"1,381"
Vernon,2022,9473,2468,2963,3988,483,608,874
Saanich,2018,10732,2398,3085,5249,462,555,879
Penticton,2022,8278,2329,2561,3342,521,657,886
Saanich,2020,10941,2328,3197,5416,480,584,962
Delta,2021,8395,2310,2822,3263,837,"1,153",323
Coquitlam,2019,9236,2298,2946,3992,633,820,"1,265"
North Vancouver,2019,10601,2295,3343,4963,565,696,"1,070"
Campbell River,2023,6756,2267,2168,2301,514,648,"1,060"
Coquitlam,2020,9301,2263,2900,4138,652,833,"1,275"
Courtenay,2024,6434,2252,1848,2303,530,667,"1,033"
Vernon,2021,9265,2193,2725,4347,458,562,776
Coquitlam,2018,9169,2188,2797,4184,620,788,"1,178"
Maple Ridge,2020,8614,2166,2529,3919,557,682,920
Maple Ridge,2019,8485,2157,2594,3734,531,677,880
Delta,2019,8790,2151,2751,3888,676,839,"1,242"
North Vancouver,2018,10380,2125,3125,5130,548,673,"1,040"
North Vancouver,2020,10455,2116,3329,5010,598,753,"1,156"
Courtenay,2023,6301,2083,2001,2196,518,663,997
Delta,2018,8884,2065,2678,4141,647,800,"1,173"
Penticton,2021,8336,2058,2472,3806,477,591,744
Duncan,2022,6836,2052,2082,2663,485,579,897
Delta,2020,8722,2048,2662,4012,680,870,"1,246"
Port Coquitlam,2024,5492,2042,1665,1676,788,"1,143","1,669"
New Westminster,2019,7596,2018,2468,3110,614,803,183
Maple Ridge,2018,8414,2009,2528,3877,530,636,843
Mission,2024,5488,1999,1551,1882,570,713,953
New Westminster,2020,7320,1983,2339,2998,619,849,99
West Kelowna,2024,5810,1921,1675,2161,603,695,"1,064"
Port Alberni,2024,5269,1894,1481,1865,487,550,890
Campbell River,2022,6183,1856,1985,2305,517,632,931
Port Alberni,2023,5422,1827,1675,1898,472,567,871
Duncan,2020,6149,1825,1683,2641,486,534,743
Duncan,2021,6554,1799,1943,2812,469,556,770
New Westminster,2018,7439,1792,2275,3372,615,774,53
Mission,2023,5288,1707,1602,1937,573,694,"1,011"
Vernon,2019,7668,1701,2095,3872,437,503,685
Langford,2024,4859,1691,1408,1687,558,709,"1,317"
Duncan,2019,6129,1667,1804,2658,449,511,678
Port Coquitlam,2023,4914,1664,1709,1434,856,"1,262","2,046"
Penticton,2020,7412,1658,2149,3605,457,553,666
Vernon,2020,7956,1637,2214,4105,454,548,733
West Vancouver,2024,4863,1612,1418,1772,912,"1,176","1,537"
Vernon,2018,7737,1597,2044,4096,446,507,663
West Kelowna,2023,5680,1557,1752,2310,580,693,"1,042"
Langford,2023,4897,1548,1513,1799,549,719,"1,276"
Penticton,2019,6732,1538,1848,3346,460,524,611
Duncan,2018,5782,1516,1638,2628,454,501,670
Penticton,2018,6798,1483,1924,3391,459,512,582
Mission,2022,4863,1473,1632,1723,642,790,"1,118"
Courtenay,2022,5196,1455,1675,2047,540,662,933
Port Alberni,2022,4756,1449,1492,1793,490,604,851
Cranbrook,2024,4164,1443,1182,1519,479,573,791
West Kelowna,2022,5634,1440,1849,2300,607,760,"1,104"
Campbell River,2021,5414,1403,1647,2364,513,593,811
Port Coquitlam,2022,4688,1375,1669,1573,865,"1,283","1,813"
Port Coquitlam,2021,5035,1369,1704,1962,749,"1,005",187
Courtenay,2021,5241,1368,1577,2296,508,628,872
Mission,2021,5028,1328,1636,2064,590,760,974
West Vancouver,2023,4673,1322,1543,1756,888,"1,209","1,756"
Terrace,2024,3132,1307,876,934,487,581,776
Campbell River,2020,5069,1280,1479,2310,506,573,754
Parksville,2024,3969,1245,1074,1621,598,671,"1,011"
West Kelowna,2021,5581,1219,1637,2725,545,674,942
Campbell River,2019,4841,1215,1428,2198,506,569,713
Langford,2022,4501,1206,1394,1873,546,664,"1,162"
Port Coquitlam,2020,4859,1201,1552,2106,658,828,"1,245"
Port Coquitlam,2019,4835,1199,1560,2076,640,821,"1,198"
West Kelowna,2019,4839,1196,1331,2312,518,574,799
Port Alberni,2021,4481,1174,1310,1997,499,583,749
Campbell River,2018,4636,1171,1354,2111,495,532,690
Mission,2019,4520,1163,1343,2014,547,602,783
Parksville,2023,4186,1153,1295,1707,605,712,"1,088"
West Kelowna,2020,5258,1150,1575,2533,525,614,820
Salmon Arm,2024,3789,1146,1075,1543,537,609,819
Mission,2020,4563,1120,1417,2026,566,618,830
Terrace,2023,2991,1114,916,946,510,607,866
Cranbrook,2023,3811,1108,1204,1490,471,556,758
Port Coquitlam,2018,4690,1095,1457,2138,630,783,"1,142"
Williams Lake,2024,2943,1089,825,1011,509,588,873
Terrace,2022,3042,1088,914,1023,551,642,865
Port Hardy,2024,2391,1077,561,743,458,581,761
Courtenay,2020,4374,1069,1247,2058,558,646,859
West Vancouver,2022,4456,1049,1615,1758,901,"1,152","1,622"
Langford,2021,4384,1023,1305,2056,500,593,856
West Vancouver,2019,5047,1009,1636,2402,693,811,"1,144"
Quesnel,2024,2939,1008,764,1152,563,648,852
West Kelowna,2018,4503,1007,1245,2251,589,649,910
Mission,2018,4394,1004,1175,2215,538,588,760
Courtenay,2019,4083,1001,1145,1937,529,630,801
West Vancouver,2021,4525,989,1499,2037,813,991,34
Port Alberni,2018,3806,970,1028,1808,522,585,690
Courtenay,2018,4064,968,1228,1868,537,621,797
Port Alberni,2019,3814,963,1004,1847,525,591,710
Salmon Arm,2023,3706,961,1134,1595,532,613,774
Langford,2019,3738,946,1053,1739,480,549,736
Fort St John,2024,2640,940,746,936,457,551,728
West Vancouver,2018,4976,936,1514,2526,644,769,"1,122"
Fort St John,2023,2900,924,897,1069,442,500,679
Port Alberni,2020,4077,921,1196,1960,537,624,781
Williams Lake,2023,2756,904,911,931,505,616,863
Langford,2020,3893,876,1190,1827,487,572,793
Port Hardy,2023,2191,868,630,679,489,613,800
Powell River,2024,2744,863,795,1075,526,598,878
West Vancouver,2020,4683,859,1429,2395,737,846,"1,234"
Terrace,2021,2836,852,758,1226,523,620,717
White Rock,2024,2554,830,803,886,931,"1,564","2,283"
Parksville,2022,3524,823,1089,1594,594,714,"1,047"
Langford,2018,3452,806,961,1685,477,540,747
Quesnel,2023,2657,800,784,1059,558,612,820
Sooke,2024,2102,795,576,711,562,705,"1,185"
Terrace,2019,2558,778,645,1135,474,555,642
Prince Rupert,2024,2152,773,583,777,529,614,818
Cranbrook,2022,3294,753,1030,1486,485,590,807
Qualicum Beach,2024,2631,752,688,1177,744,853,"1,122"
Parksville,2019,3334,750,919,1665,513,533,691
Central Saanich,2024,2226,741,573,894,676,796,"1,045"
Williams Lake,2022,2445,741,765,924,564,699,895
Terrace,2020,2649,736,775,1138,490,559,673
Parksville,2021,3502,735,1074,1693,576,646,895
Salmon Arm,2022,3178,735,980,1443,609,675,880
Port Moody,2024,1891,723,577,550,832,"1,236","1,665"
Sechelt,2024,2257,710,635,900,520,656,823
Nelson,2024,1977,703,547,715,482,590,767
Parksville,2018,3042,703,831,1508,488,514,667
Salmon Arm,2021,3070,690,934,1446,582,648,810
Qualicum Beach,2023,2742,689,766,1261,731,837,"1,185"
Powell River,2023,2606,684,819,1083,548,603,872
Prince Rupert,2019,2442,681,583,1178,438,484,545
Cranbrook,2021,3136,679,870,1587,456,551,704
Quesnel,2022,2350,679,679,974,605,706,822
Esquimalt,2024,2117,668,630,781,599,746,"1,488"
Parksville,2020,3237,661,902,1674,541,579,783
Powell River,2022,2709,657,888,1134,520,585,820
Esquimalt,2023,2024,656,617,742,606,774,"1,572"
Quesnel,2021,2496,656,710,1130,584,628,744
Squamish,2024,1904,655,563,668,653,761,983
Quesnel,2020,2532,654,703,1175,508,616,641
Prince Rupert,2022,2193,651,643,891,555,640,764
Terrace,2018,2457,647,627,1183,444,514,633
White Rock,2023,2412,646,888,833,"1,019","1,662","2,688"
Dawson Creek,2023,2139,644,653,826,450,531,742
Prince Rupert,2021,2456,639,691,1126,522,612,682
Prince Rupert,2023,2118,639,649,827,536,620,772
Port Moody,2023,1795,634,607,513,895,"1,295","2,160"
Williams Lake,2021,2479,634,720,1125,504,626,738
Dawson Creek,2024,2096,633,623,825,460,540,753
Colwood,2024,1882,624,502,732,694,854,"1,477"
Fort St John,2022,2212,622,684,895,501,557,725
Pitt Meadows,2024,1608,610,428,527,828,"1,140","1,481"
Merritt,2024,1846,604,496,733,506,570,767
Prince Rupert,2020,2441,600,622,1219,442,516,567
Cranbrook,2018,2821,596,694,1531,448,487,581
Quesnel,2019,2191,593,576,1022,490,534,602
Comox,2024,1791,585,498,696,726,894,"1,296"
Sidney,2024,2166,584,586,973,545,665,"1,042"
Cranbrook,2019,2714,578,715,1421,440,489,610
Trail,2023,1893,576,558,754,492,615,825
View Royal,2024,1469,571,409,465,639,749,"1,409"
Salmon Arm,2020,2711,570,803,1338,569,595,738
Salmon Arm,2019,2742,569,764,1409,561,607,712
Port Hardy,2022,1624,567,470,584,498,617,778
Powell River,2021,2608,562,812,1234,579,592,744
Sechelt,2023,2134,559,648,917,511,578,799
Prince Rupert,2018,2113,558,608,947,409,436,537
Nelson,2023,1742,557,533,641,464,543,748
Esquimalt,2019,2196,556,615,1025,497,600,931
Pitt Meadows,2023,1644,553,497,568,816,"1,187","1,851"
Fort St John,2018,2170,551,571,1048,423,467,539
Qualicum Beach,2022,2508,551,809,1137,791,849,"1,137"
Central Saanich,2023,2146,550,592,990,671,788,"1,177"
Qualicum Beach,2021,2529,547,719,1263,756,810,"1,040"
Sooke,2023,1829,547,601,673,601,681,989
Williams Lake,2020,2161,547,634,980,527,554,663
Cranbrook,2020,2776,546,759,1471,454,498,642
Fort St John,2021,2271,546,672,1053,478,552,621
Trail,2024,1691,546,465,674,539,641,865
Ladysmith,2024,1617,545,463,601,651,824,"1,141"
Fort St John,2019,2259,543,619,1097,399,475,561
White Rock,2022,2201,543,843,789,"1,031","1,768","2,981"
Port Hardy,2019,1421,540,383,498,484,591,685
Qualicum Beach,2019,2209,535,596,1078,680,701,841
Williams Lake,2019,2142,533,621,988,492,564,677
Oak Bay,2024,1746,532,464,720,665,833,"1,646"
Colwood,2023,1804,526,559,709,673,851,"1,494"
Port Hardy,2021,1637,523,435,679,437,561,673
Salmon Arm,2018,2648,519,741,1388,551,632,721
Port Moody,2022,1645,515,564,536,882,"1,285","2,006"
White Rock,2021,2467,515,872,1080,843,"1,150",845
Esquimalt,2018,2180,512,634,1034,501,585,930
Fort St John,2020,2293,510,659,1124,460,499,581
Port Hardy,2018,1425,508,377,540,496,614,674
Hope,2024,1491,507,378,597,600,684,839
View Royal,2023,1444,505,449,483,613,790,"1,468"
Gibsons,2024,1827,503,515,799,522,593,805
Powell River,2019,2207,503,641,1063,664,673,810
White Rock,2018,2563,503,775,1285,644,750,"1,035"
Pitt Meadows,2022,1645,500,515,612,838,"1,279","1,740"
Sidney,2023,2205,498,658,1043,574,664,873
View Royal,2022,1521,498,462,551,655,805,"1,258"
Williams Lake,2018,1969,498,515,956,534,579,673
Hope,2022,1631,495,513,616,642,803,982
Quesnel,2018,1910,495,505,910,497,529,570
Sechelt,2022,1928,488,629,804,536,601,858
Qualicum Beach,2020,2343,485,675,1183,689,727,903
Esquimalt,2022,1970,481,680,794,588,732,"1,478"
Summerland,2024,1626,479,441,699,548,603,777
Ladysmith,2023,1638,477,498,657,599,733,"1,111"
Comox,2023,1719,475,555,683,697,833,"1,099"
Powell River,2018,2072,474,603,995,606,637,757
Esquimalt,2021,2059,473,636,950,536,648,"1,133"
Oak Bay,2023,1701,472,547,675,671,826,"1,555"
Qualicum Beach,2018,2022,472,528,1022,674,639,794
Oliver,2024,1514,470,416,621,583,584,825
Powell River,2020,2343,470,699,1174,645,692,830
Sooke,2022,1775,465,577,715,601,671,913
Agassiz,2024,1381,464,373,532,694,733,861
Colwood,2022,1752,464,547,733,661,798,"1,267"
Hope,2021,1808,463,572,773,599,700,866
Hope,2023,1460,463,439,557,612,666,882
Sooke,2021,1842,463,553,826,570,640,861
White Rock,2019,2510,462,774,1274,642,789,"1,099"
Merritt,2023,1650,452,543,642,477,544,693
Revelstoke,2024,1223,450,362,405,424,471,909
Squamish,2021,1736,448,542,746,582,645,870
Dawson Creek,2022,1883,443,585,840,485,527,736
Esquimalt,2020,1985,443,583,959,532,609,953
Port Moody,2021,1578,441,528,609,762,"1,061",452
White Rock,2020,2439,438,780,1221,643,744,"1,091"
Lake Country,2024,1400,436,424,524,751,840,"1,152"
Pitt Meadows,2021,1617,432,482,703,759,"1,032",129
Merritt,2019,1478,425,382,671,459,490,590
Central Saanich,2019,1816,424,496,896,597,667,824
Oliver,2023,1576,423,456,693,558,578,733
Merritt,2018,1549,421,432,696,498,541,652
Osoyoos,2024,1522,418,424,673,510,520,694
Sidney,2022,2210,417,613,1175,502,611,794
View Royal,2021,1512,417,467,628,599,672,980
Gibsons,2023,1693,416,557,712,490,568,794
Squamish,2022,1743,416,573,739,629,683,956
Squamish,2023,1628,414,563,637,636,722,976
Lake Country,2023,1320,412,409,494,757,850,"1,251"
Pitt Meadows,2020,1608,412,448,748,676,867,"1,259"
Trail,2022,1611,411,499,691,546,686,826
Central Saanich,2018,1651,409,408,834,560,644,817
Merritt,2021,1540,406,453,681,467,503,618
View Royal,2019,1528,406,400,722,556,597,981
Sooke,2019,1494,404,415,675,487,529,708
Revelstoke,2023,1054,403,298,350,330,574,947
Port Moody,2019,1580,396,483,701,696,895,"1,351"
Comox,2022,1625,395,535,684,720,841,"1,173"
Whistler,2024,1841,393,536,895,621,739,"1,018"
Agassiz,2023,1332,392,423,505,702,743,945
Central Saanich,2022,1869,392,610,859,699,822,"1,105"
Merritt,2022,1470,392,479,591,481,561,683
Port Hardy,2020,1188,392,290,506,444,545,654
Squamish,2020,1575,390,451,734,540,595,790
Sooke,2020,1578,389,469,720,556,566,748
Port Moody,2018,1656,386,502,768,698,850,"1,313"
Port Moody,2020,1662,385,528,749,718,929,"1,403"
Smithers,2024,1114,385,329,392,492,560,768
North Saanich,2024,1243,384,349,498,787,941,"1,294"
Ladysmith,2022,1528,382,481,661,675,801,"1,070"
Pitt Meadows,2019,1566,382,494,690,664,816,"1,207"
Comox,2019,1714,381,500,833,662,730,945
Sechelt,2021,1968,380,581,1007,552,595,729
Central Saanich,2020,1806,376,514,916,602,654,854
Summerland,2023,1451,376,442,627,521,599,743
Dawson Creek,2021,1675,375,495,805,442,524,677
Oak Bay,2019,1969,375,608,986,569,637,"1,056"
Sidney,2018,1961,375,519,1067,414,465,576
Hope,2020,1548,372,404,772,548,609,711
Oliver,2022,1442,371,432,633,634,676,877
Sooke,2018,1418,370,403,645,532,554,704
Smithers,2023,1142,369,340,428,465,573,751
Sidney,2021,2002,366,570,1066,457,541,674
Comox,2018,1585,364,444,777,688,722,906
Trail,2021,1593,364,454,775,510,582,762
Central Saanich,2021,1885,362,570,953,667,755,"1,000"
Sidney,2019,1999,362,527,1110,421,485,605
View Royal,2018,1355,362,371,622,533,630,944
Sidney,2020,2021,361,585,1075,493,523,685
View Royal,2020,1380,361,371,648,596,654,953
Comox,2021,1659,360,475,824,692,741,"1,005"
Hope,2019,1408,360,386,662,553,587,726
Oliver,2021,1526,360,407,759,610,686,775
Nelson,2022,1502,359,461,670,529,566,723
Oak Bay,2018,1946,357,599,990,599,647,"1,091"
Creston,2024,1241,355,342,537,468,522,721
Whistler,2022,1832,355,483,973,610,677,898
Colwood,2021,1466,351,424,691,595,702,"1,082"
Ladysmith,2021,1571,351,460,760,599,634,812
Pitt Meadows,2018,1580,350,439,791,681,827,"1,167"
Gibsons,2022,1522,346,501,662,514,657,823
Oak Bay,2022,1603,346,536,710,625,794,"1,483"
Ladysmith,2018,1422,344,385,693,605,624,749
Summerland,2022,1608,343,566,690,580,666,877
Ladysmith,2019,1441,340,367,734,634,638,790
Colwood,2020,1394,339,391,664,595,692,948
Osoyoos,2023,1381,333,430,614,538,600,690
Agassiz,2022,1255,331,430,481,776,919,"1,058"
Merritt,2020,1454,331,440,683,473,520,616
Agassiz,2021,1238,328,364,546,693,862,939
Squamish,2019,1467,328,439,700,566,577,759
Whistler,2023,1847,328,515,982,587,661,954
Gibsons,2019,1413,326,427,660,466,523,629
Whistler,2019,2035,326,430,1279,576,596,738
Sechelt,2020,1725,324,524,877,508,561,692
Dawson Creek,2020,1397,323,377,697,446,476,571
Kitimat,2024,1109,323,317,465,529,583,668
Ladysmith,2020,1447,323,409,715,614,670,861
Hope,2018,1300,321,359,620,560,615,748
Comox,2020,1578,317,487,774,692,757,"1,016"
Dawson Creek,2019,1455,317,418,720,413,478,553
Colwood,2019,1367,316,419,632,556,657,943
Salt Spring Island,2024,1062,315,271,468,659,802,"1,045"
Lake Country,2022,1177,314,389,453,950,"1,005","1,282"
Colwood,2018,1299,312,397,590,587,660,933
Oliver,2019,1266,311,311,644,529,540,603
Sechelt,2019,1566,311,460,795,511,529,665
Lake Country,2021,1259,308,385,566,775,806,994
Oak Bay,2020,1731,302,561,868,572,674,"1,132"
Summerland,2021,1464,302,416,746,564,595,724
Osoyoos,2021,1324,301,379,644,505,498,613
Grand Forks,2024,981,294,279,407,515,521,746
Lake Country,2019,1072,294,309,469,697,614,971
North Saanich,2023,1147,294,374,473,799,888,"1,221"
Agassiz,2019,1180,293,325,562,658,650,739
Squamish,2018,1377,293,408,676,601,605,765
Chemainus,2024,880,292,234,351,569,671,858
Summerland,2018,1465,291,431,743,517,539,596
Nelson,2019,1375,290,368,717,464,519,639
Coldstream,2024,745,289,193,261,756,857,"1,271"
Oliver,2020,1288,288,322,678,562,589,694
Kimberley,2024,1054,285,297,469,555,715,932
Trail,2018,1297,285,332,680,535,583,706
Cobble Hill,2024,813,283,197,330,846,935,"1,232"
Enderby,2024,905,283,241,377,728,667,"1,008"
Sechelt,2018,1444,283,394,767,497,556,704
Summerland,2020,1415,282,413,720,544,576,677
Osoyoos,2022,1368,281,432,649,557,616,739
Lake Country,2020,1173,280,342,551,670,707,946
Nelson,2018,1318,279,338,701,462,513,623
Oliver,2018,1253,279,329,645,531,532,610
Castlegar,2022,1154,277,362,503,641,664,823
Nelson,2021,1298,277,343,678,460,573,648
Creston,2022,1170,276,339,550,450,500,596
Peachland,2024,706,276,161,266,694,756,948
Whistler,2021,1505,276,374,855,585,617,795
Gibsons,2018,1356,275,398,683,486,515,658
Trail,2020,1318,275,375,668,537,577,727
North Saanich,2022,1108,273,374,457,753,852,"1,143"
Castlegar,2024,1086,271,296,516,548,645,831
Agassiz,2018,1125,270,336,519,620,687,818
Dawson Creek,2018,1254,270,369,615,439,494,579
Gibsons,2021,1400,270,422,708,478,542,725
Burns Lake,2024,789,269,195,324,526,594,722
Trail,2019,1336,268,370,698,515,596,689
Oak Bay,2021,1632,267,491,874,599,714,"1,263"
Grand Forks,2023,952,266,277,404,478,519,681
Agassiz,2020,1028,264,270,494,669,651,719
Kitimat,2023,1055,264,315,469,480,548,722
Gibsons,2020,1389,261,381,747,483,522,700
Summerland,2019,1349,259,372,718,530,547,639
Smithers,2019,966,258,255,453,423,454,562
Osoyoos,2020,1235,256,354,625,499,487,572
Lake Country,2018,1023,254,275,494,686,719,"1,012"
Smithers,2022,921,254,275,384,528,613,743
Smithers,2021,1012,249,284,479,449,502,607
Nelson,2020,1278,248,363,667,483,521,637
Salt Spring Island,2021,1222,248,337,637,636,705,935
Tofino,2024,769,247,184,328,678,949,"1,268"
North Saanich,2018,1040,246,303,491,703,717,948
North Saanich,2021,1025,244,293,488,754,781,"1,009"
Salt Spring Island,2023,1056,244,302,506,721,711,970
Whistler,2018,1871,244,410,1217,542,612,752
Whistler,2020,1567,243,382,942,530,613,767
Armstrong,2024,829,240,246,335,559,574,868
Castlegar,2023,1070,240,346,478,572,656,799
Salt Spring Island,2018,970,239,261,470,594,620,740
Coldstream,2022,794,238,254,297,794,851,"1,226"
Osoyoos,2019,1104,237,341,526,495,532,642
Osoyoos,2018,1050,236,295,519,509,534,621
Fort Nelson,2024,708,235,210,257,463,474,628
Salt Spring Island,2019,1046,235,273,538,563,626,835
Enderby,2023,875,234,257,382,624,716,932
Grand Forks,2022,949,234,306,405,490,583,684
Kitimat,2022,1051,234,320,483,493,498,620
Creston,2023,1018,233,298,486,442,523,635
Vanderhoof,2024,637,232,159,243,468,506,655
Fort St James,2024,732,231,218,280,506,544,694
Castlegar,2021,1119,228,310,581,549,610,778
Fort St James,2023,704,228,211,263,466,555,659
Smithers,2020,913,226,273,414,411,477,575
Creston,2021,1062,224,281,557,462,497,612
North Saanich,2019,1054,222,305,527,670,739,946
Gabriola Island,2024,822,221,206,389,782,893,"1,146"
Kimberley,2023,956,220,283,445,632,706,866
Princeton,2023,661,219,194,245,648,639,829
Salt Spring Island,2020,1191,219,359,613,639,736,896
Coldstream,2023,715,218,215,278,700,884,"1,143"
Castlegar,2019,1033,216,281,536,510,575,705
Cobble Hill,2022,754,215,243,295,773,855,"1,149"
Enderby,2019,823,215,207,401,661,641,798
Burns Lake,2022,751,214,213,319,510,533,629
Enderby,2022,904,213,274,413,699,900,"1,098"
Nanoose Bay,2024,664,212,161,290,"1,001","1,138","1,573"
Smithers,2018,885,211,243,431,399,465,533
Princeton,2024,579,209,145,223,655,623,898
Grand Forks,2018,838,208,206,424,548,539,656
Tofino,2023,764,208,201,341,695,923,"1,121"
Armstrong,2023,737,207,233,294,570,629,801
Enderby,2021,872,207,245,420,650,855,899
Kitimat,2021,996,207,254,535,463,489,545
Revelstoke,2022,850,206,233,405,568,607,867
Coldstream,2019,794,205,205,384,722,743,989
Kitimat,2020,946,204,247,495,433,453,522
Peachland,2023,727,204,215,305,648,727,923
Coldstream,2021,818,203,234,381,692,803,"1,157"
Chemainus,2023,772,202,253,311,562,638,983
Chemainus,2022,845,201,242,396,630,759,987
Castlegar,2020,998,200,283,515,539,607,706
Coldstream,2020,758,200,194,364,792,776,"1,063"
Grand Forks,2021,964,200,272,492,486,523,647
Armstrong,2022,820,198,251,364,627,698,932
Coldstream,2018,724,198,179,347,720,768,"1,008"
North Saanich,2020,933,198,284,451,671,759,946
Houston,2024,591,197,150,240,550,585,776
Lake Cowichan,2023,654,197,196,258,516,590,792
Castlegar,2018,1041,196,282,563,522,586,720
Gabriola Island,2023,778,196,225,351,972,"1,186","1,373"
Peachland,2019,629,195,159,275,654,740,874
Peachland,2021,678,195,207,276,817,780,"1,026"
Enderby,2020,803,194,238,371,647,683,901
Keremeos,2024,648,194,171,280,567,605,731
Barriere,2024,436,192,89,154,461,513,667
Kimberley,2022,906,191,287,418,588,653,877
100 Mile House,2024,604,190,168,239,457,490,684
Cobble Hill,2023,686,189,206,289,809,928,"1,121"
Lake Cowichan,2024,640,189,168,276,529,619,825
Cobble Hill,2021,946,188,234,524,732,788,972
Peachland,2022,667,188,200,273,757,847,"1,191"
Salt Spring Island,2022,1094,188,369,528,650,741,908
Cobble Hill,2018,691,187,195,309,700,760,931
Kimberley,2019,906,186,216,504,542,569,705
Enderby,2018,757,185,207,365,605,666,800
Burns Lake,2023,717,183,241,286,543,589,782
Creston,2019,797,183,211,403,436,485,546
Grand Forks,2019,790,183,218,389,509,568,675
Kimberley,2021,915,183,245,487,595,612,772
Nanoose Bay,2023,574,182,170,221,921,"1,130","1,607"
Tofino,2022,653,182,179,283,732,846,"1,253"
Lillooet,2024,592,181,154,253,546,592,773
Princeton,2019,644,181,166,297,619,617,721
Grand Forks,2020,790,179,189,422,560,565,688
Princeton,2022,616,179,157,279,670,744,849
Sicamous,2024,518,179,130,206,514,511,679
Spallumcheen,2022,495,179,128,186,798,981,"1,173"
Creston,2020,847,178,230,439,456,498,569
Cobble Hill,2019,713,177,204,332,726,744,966
Metchosin,2024,420,177,95,143,"1,059","1,248","1,946"
Peachland,2020,643,176,188,279,664,722,950
Revelstoke,2020,701,176,185,340,647,601,854
Fort St James,2022,645,174,201,263,520,564,670
Kimberley,2018,834,174,206,454,560,542,695
Burns Lake,2021,708,171,175,362,473,514,609
Chase,2018,771,171,187,413,505,599,625
Keremeos,2023,640,171,179,287,501,545,670
Kitimat,2019,879,169,226,484,402,443,506
Fort St James,2021,595,168,185,242,684,667,716
Keremeos,2022,666,168,190,306,576,650,723
Gabriola Island,2022,765,167,237,352,"1,028","1,152","1,501"
Keremeos,2019,550,167,137,246,507,527,618
Mill Bay,2024,470,167,125,177,650,747,911
Armstrong,2021,690,166,190,334,589,686,730
Chemainus,2021,832,166,247,419,554,642,698
Cobble Hill,2020,732,166,217,349,735,797,988
Fort Nelson,2023,591,166,203,219,468,489,625
Princeton,2021,571,166,145,260,739,783,962
100 Mile House,2023,612,165,179,265,465,494,708
Sicamous,2023,522,165,127,228,484,538,649
Spallumcheen,2024,451,165,132,151,838,982,"1,210"
Chase,2024,515,163,141,207,486,545,647
Creston,2018,787,163,184,440,438,478,527
Kimberley,2020,953,163,260,530,591,596,665
Spallumcheen,2023,528,163,181,183,821,902,"1,228"
Thornhill,2024,457,162,123,171,755,838,"1,027"
100 Mile House,2021,700,161,202,337,433,418,489
Revelstoke,2019,746,160,187,399,639,602,777
Chemainus,2018,634,159,164,311,522,523,715
Metchosin,2023,442,158,116,167,"1,036","1,267","1,740"
Peachland,2018,630,158,146,326,693,783,959
Chase,2019,615,157,144,314,560,613,641
Nanoose Bay,2021,577,156,182,239,975,"1,178",96
Vanderhoof,2023,565,156,158,248,483,533,637
Mill Bay,2023,460,155,136,165,582,711,862
Burns Lake,2020,682,152,183,347,439,451,483
Chemainus,2019,668,152,184,332,565,560,699
Nanoose Bay,2019,586,152,163,271,842,943,"1,299"
Revelstoke,2018,667,151,152,364,609,628,754
Keremeos,2021,594,150,149,295,609,573,704
Lumby,2024,440,150,130,157,675,677,968
Burns Lake,2019,623,149,152,322,437,434,517
Nanoose Bay,2022,527,148,172,207,"1,003","1,160","1,590"
Vanderhoof,2021,635,148,172,315,451,457,554
Chemainus,2020,711,147,196,368,575,596,640
Kitimat,2018,810,147,217,446,432,443,496
100 Mile House,2022,637,146,186,302,474,539,653
Lake Cowichan,2022,522,146,169,202,530,596,723
Ashcroft,2024,484,145,152,184,518,561,752
Kamloops IR No 1,2020,480,145,113,222,702,842,"1,062"
Houston,2022,526,144,131,248,594,645,718
Houston,2023,504,144,150,209,595,630,706
Thornhill,2023,437,144,117,174,715,839,"1,080"
Golden,2022,530,143,153,233,634,696,824
Lake Cowichan,2018,517,143,162,212,479,557,593
Nanoose Bay,2020,518,143,141,234,927,"1,081","1,366"
Princeton,2018,583,143,156,284,567,601,713
Sicamous,2019,454,143,113,198,494,500,613
Tofino,2021,577,143,160,274,"1,031","1,086","1,309"
Keremeos,2020,551,142,164,245,481,533,624
Lake Cowichan,2019,476,142,112,222,476,526,572
Lumby,2023,427,142,117,167,"1,276","1,463","1,886"
Nanoose Bay,2018,528,142,149,237,867,961,"1,256"
Vanderhoof,2022,559,141,172,243,440,543,590
Lantzville,2024,432,140,102,187,729,828,"1,237"
Princeton,2020,623,140,165,318,605,630,712
Fort St James,2020,555,139,152,264,657,566,696
Kamloops IR No 1,2021,437,139,121,177,727,802,"1,133"
Gabriola Island,2019,647,138,195,314,"1,164","1,206","1,331"
Armstrong,2018,668,137,172,359,547,530,613
Mill Bay,2019,431,137,129,165,508,542,682
Lumby,2021,471,136,138,197,"1,341","1,317",140
Gabriola Island,2021,721,135,221,365,"1,050","1,237",47
Fruitvale,2024,409,134,83,190,574,666,777
Burns Lake,2018,583,133,133,317,428,454,544
Fort Nelson,2022,543,133,171,238,439,508,593
Keremeos,2018,529,133,138,258,432,511,554
Okanagan IR South,2021,434,131,129,174,"1,275","1,233",202
Lillooet,2023,451,130,126,194,526,575,847
Lake Cowichan,2020,529,129,135,265,496,526,600
Armstrong,2020,661,128,191,342,526,546,608
Shawnigan Lake,2024,425,128,134,158,830,"1,060","1,279"
Houston,2021,559,127,143,289,584,607,677
Okanagan Falls,2024,379,127,97,153,"1,069","1,331","1,582"
Spallumcheen,2021,480,127,132,221,770,936,"1,087"
Gabriola Island,2020,654,126,180,348,"1,134","1,233","1,319"
Golden,2023,484,126,180,174,560,701,"1,099"
Golden,2024,462,126,139,195,603,769,922
Masset,2024,408,126,109,170,590,732,921
Mill Bay,2018,429,126,114,189,542,544,673
Chase,2023,484,125,132,221,439,493,600
Fernie,2024,473,125,131,214,572,608,762
Quathiaski Cove,2024,386,125,97,159,819,"1,078","1,143"
Revelstoke,2021,629,124,175,330,627,635,791
Tofino,2020,552,124,138,290,"1,109","1,127","1,428"
Mount Currie,2024,386,123,108,154,"1,345","1,532","1,692"
Armstrong,2019,718,122,234,362,545,501,600
Houston,2020,455,122,107,226,580,592,655
Lake Cowichan,2021,496,122,129,245,602,542,762
Lumby,2020,455,122,144,189,"1,050","1,251",78
Spallumcheen,2020,419,122,120,177,763,800,920
Golden,2020,451,121,107,223,580,685,785
Lillooet,2022,439,121,122,195,592,614,789
Sicamous,2020,453,121,124,208,509,568,597
Tofino,2019,508,121,138,249,"1,034","1,190","1,272"
Fruitvale,2021,392,120,91,181,933,"1,021","1,408"
Lumby,2019,480,120,148,212,"1,183","1,313",40
Sicamous,2022,451,120,141,188,567,600,830
Spallumcheen,2019,367,120,72,175,798,798,947
Thornhill,2022,448,120,122,200,772,860,"1,020"
Golden,2019,466,119,117,230,578,675,821
Tofino,2018,513,119,142,252,"1,098","1,152","1,294"
Vanderhoof,2019,477,119,117,241,509,527,535
Vanderhoof,2020,549,119,151,279,479,474,535
Chase,2021,474,118,132,224,541,577,587
Lumby,2022,458,118,154,183,"1,466","1,586","1,727"
Mill Bay,2022,468,118,159,187,560,666,873
Okanagan Falls,2020,382,118,110,154,"1,080","1,262","1,416"
Tumbler Ridge,2024,498,118,125,239,490,555,690
Okanagan Falls,2022,403,117,137,147,"1,184","1,338","1,754"
Sicamous,2021,472,117,127,228,499,546,617
Shawnigan Lake,2023,401,115,138,145,871,"1,073","1,115"
Chase,2020,514,114,145,255,520,648,643
Pemberton,2019,315,114,79,122,475,619,760
Spallumcheen,2018,386,114,112,160,763,839,917
100 Mile House,2019,447,113,132,202,401,398,508
Cultus Lake,2024,276,113,82,79,"1,065","1,248","2,035"
Golden,2018,466,111,107,248,586,650,736
Masset,2023,372,111,100,160,867,"1,136","1,162"
Fruitvale,2023,365,110,95,157,774,"1,076","1,503"
Harrison Hot Springs,2024,275,110,73,90,870,990,"1,249"
Sicamous,2018,406,110,106,190,565,508,601
Sparwood,2018,326,110,81,135,982,981,"1,093"
Metchosin,2020,351,109,98,144,958,"1,099",56
Shawnigan Lake,2022,406,109,132,165,794,918,"1,209"
Thornhill,2021,410,109,111,190,709,778,"1,011"
100 Mile House,2020,575,108,186,281,462,394,499
Fanny Bay,2024,286,108,66,112,"1,355","1,406","2,127"
Golden,2021,532,108,136,288,567,658,713
Mill Bay,2020,394,108,101,185,561,626,734
Lantzville,2020,408,107,103,198,670,739,"1,014"
Mill Bay,2021,463,107,138,218,510,609,686
Port McNeill,2024,323,107,90,122,513,569,830
Lillooet,2021,465,106,112,247,711,637,791
Ashcroft,2023,372,105,112,152,480,562,691
Cumberland,2023,351,105,122,123,537,573,904
Okanagan Falls,2023,388,105,129,152,"1,060","1,235","1,534"
Sparwood,2023,329,105,98,124,640,749,850
Blind Bay,2023,276,104,69,103,"1,427","1,549","1,889"
Popkum,2022,263,104,70,87,857,"1,036","1,317"
Fruitvale,2020,373,103,88,182,915,997,"1,342"
Lantzville,2022,404,103,119,181,684,825,"1,265"
Metchosin,2021,351,103,114,134,940,"1,064","1,420"
Quathiaski Cove,2023,359,103,104,149,"1,209","1,413","1,657"
Salmo,2024,316,103,97,114,558,707,775
100 Mile House,2018,456,102,123,231,439,449,519
Chilliwack River Valley,2024,240,102,50,83,"1,109","1,175","1,972"
Lantzville,2023,342,102,104,136,692,852,"1,328"
Bowen Island,2024,401,101,116,175,722,726,982
Cumberland,2024,388,101,129,156,510,626,865
Invermere,2024,406,101,110,192,461,495,582
Metchosin,2019,347,101,103,143,897,"1,042",68
Okanagan Falls,2021,394,100,115,179,"1,154","1,287",32
Okanagan IR South,2020,402,100,122,180,"1,304","1,223",156
Blind Bay,2024,289,99,77,112,"1,456","1,634","2,082"
Chetwynd,2023,350,99,121,127,527,575,725
Lantzville,2019,393,99,123,171,633,727,981
Lillooet,2018,356,99,97,160,553,617,684
Lumby,2018,462,99,136,227,"1,081","1,127","1,254"
Barriere,2023,354,98,100,153,505,530,645
Charlie Lake,2024,214,98,55,61,"1,051","1,123","1,457"
Chetwynd,2022,326,98,97,129,657,630,777
North Westside,2024,229,98,61,66,"2,116","2,269","3,118"
Vanderhoof,2018,475,98,119,258,539,486,524
Fort Nelson,2021,416,97,116,203,472,443,505
Fort St James,2018,403,97,99,207,524,549,593
Fort St James,2019,442,96,131,215,496,550,584
Cultus Lake,2023,295,95,91,107,"1,102","1,214","1,927"
Lillooet,2020,402,94,95,213,581,668,727
Mount Currie,2020,321,94,75,152,"1,090","1,259",86
Logan Lake,2024,308,93,92,116,628,683,"1,043"
Mount Currie,2018,298,93,75,130,"1,083","1,085",58
Fanny Bay,2023,318,92,86,138,"1,298","1,463","1,906"
Houston,2018,413,92,95,226,590,568,599
Masset,2019,264,92,64,108,"1,044","1,081","1,231"
Roberts Creek,2024,285,92,79,111,860,956,"1,245"
Sparwood,2021,314,92,87,135,"1,268","1,354",158
Sparwood,2024,306,92,87,126,691,850,997
Tappen,2023,208,92,52,63,"1,290","1,404","1,742"
Chase,2022,424,91,123,208,515,581,707
Cultus Lake,2021,265,91,80,94,"1,094","1,255",420
Gabriola Island,2018,612,91,184,337,"1,220","1,229","1,388"
Invermere,2018,426,91,106,229,419,428,479
Metchosin,2018,308,91,83,134,928,"1,052","1,389"
Thornhill,2019,336,91,94,151,692,757,858
Chetwynd,2024,281,90,80,109,558,580,794
Cumberland,2018,347,90,104,153,500,551,597
Masset,2018,246,90,61,95,"1,070","1,181","1,263"
Metchosin,2022,330,90,109,130,"1,091","1,194","1,848"
Fernie,2023,395,89,134,172,523,572,666
Mount Currie,2019,308,89,70,149,"1,047","1,196",27
Okanagan IR South,2019,351,89,112,150,"1,162","1,218","1,437"
Cumberland,2019,326,88,74,164,448,529,592
Cumberland,2022,311,88,106,116,500,639,839
Fruitvale,2022,375,88,107,179,751,950,"1,453"
Logan Lake,2023,324,88,106,128,"1,061","1,058","1,284"
Okanagan Falls,2019,360,88,87,185,"1,081","1,219","1,359"
Sparwood,2022,339,88,102,149,"1,185","1,195","1,588"
Lillooet,2019,373,87,108,178,676,616,781
108 Mile Ranch,2024,202,86,55,61,970,"1,110","1,327"
Fanny Bay,2021,336,86,86,164,"1,277","1,316",302
Houston,2019,406,86,113,207,635,657,726
Okanagan Falls,2018,309,86,79,144,"1,099","1,216","1,361"
Salmo,2023,293,86,80,127,960,921,"1,134"
Thornhill,2020,364,86,113,165,715,760,972
Blind Bay,2021,299,85,91,123,23,126,393
Cumberland,2020,339,85,101,153,463,567,672
Mackenzie,2024,298,85,82,128,489,498,706
Port McNeill,2023,290,85,81,120,527,636,744
Salmo,2022,307,85,87,134,"1,129","1,183","1,782"
Shawnigan Lake,2018,337,85,99,153,873,854,"1,002"
Tappen,2024,223,85,57,78,"1,299","1,532","1,917"
Coquihalla,2018,149,84,23,42,429,533,861
Lantzville,2021,362,84,104,174,648,781,"1,168"
Popkum,2023,235,84,60,90,892,999,"1,356"
Shawnigan Lake,2019,316,84,83,149,879,888,982
Tumbler Ridge,2022,362,84,97,172,832,698,898
Chetwynd,2020,245,83,61,101,659,755,811
Chilliwack River Valley,2020,249,83,58,108,"1,221",166,383
Crofton,2024,251,83,70,97,"1,020","1,220","1,484"
Gold River,2020,255,83,83,89,729,822,"1,097"
Invermere,2023,358,83,111,163,457,518,646
Logan Lake,2022,291,83,96,108,"1,651","1,868","2,126"
Quathiaski Cove,2019,301,83,91,127,"1,351",114,287
Ashcroft,2018,308,81,76,151,504,649,610
Bowser,2024,275,81,66,126,787,818,"1,127"
Hatzic,2024,203,81,58,61,"1,099","1,322","2,123"
Masset,2020,308,81,101,126,"1,042","1,285","1,257"
Pemberton,2024,234,81,50,100,582,533,701
Alert Bay,2024,266,80,78,104,998,"1,038","1,377"
Barriere,2022,328,80,92,153,520,587,697
Black Creek,2024,227,80,68,76,"1,303","1,713","2,152"
Bowen Island,2023,349,80,101,166,907,"1,093","1,380"
Fort Nelson,2020,335,80,96,159,467,420,516
Fruitvale,2019,308,80,82,146,954,"1,015","1,273"
Masset,2022,322,80,92,150,812,"1,117","1,106"
Tachie,2023,222,80,56,84,"2,574","2,662","3,235"
Ashcroft,2022,344,79,116,146,562,667,823
Clearwater,2024,266,79,81,104,598,711,774
Errington,2024,188,79,48,61,777,993,"1,357"
Lantzville,2018,330,79,97,154,667,702,959
Logan Lake,2020,317,79,71,167,907,965,"1,111"
Sparwood,2020,261,79,63,119,"1,089","1,163","1,278"
Barriere,2021,322,78,108,136,482,529,634
Fort Nelson,2019,278,78,68,132,474,450,461
Harrison Hot Springs,2022,285,78,103,104,999,"1,135","1,432"
Tumbler Ridge,2023,415,78,114,211,746,855,841
Bowen Island,2022,371,77,121,170,"1,155","1,049","1,384"
Cowichan Bay,2024,257,77,61,118,880,"1,037","1,306"
Halfmoon Bay,2023,203,77,57,65,998,"1,147","1,388"
Harrison Hot Springs,2021,292,77,94,121,"1,060","1,026","1,244"
Popkum,2024,200,77,40,83,847,926,"1,193"
Thornhill,2018,316,77,88,151,654,739,882
Barriere,2019,312,76,103,133,480,440,526
Cawston,2024,201,76,53,71,762,865,"1,116"
Okanagan IR South,2018,291,76,90,125,"1,092","1,203",235
Pouce Coupe,2020,208,76,81,51,730,734,"1,041"
Barriere,2018,303,75,80,148,550,514,653
Black Creek,2021,234,75,59,100,"1,335",40,578
Invermere,2022,416,75,127,209,478,533,553
Port McNeill,2022,253,75,67,109,600,789,712
Sparwood,2019,278,75,80,123,"1,057","1,025","1,133"
Ashcroft,2021,321,74,97,150,471,529,668
Blind Bay,2022,273,74,89,110,"1,539","1,657","1,962"
Chetwynd,2019,258,74,65,119,565,513,548
Crofton,2023,288,74,107,104,"1,023","1,149","1,432"
Malahat,2024,180,74,45,60,"1,052","1,251","1,496"
Mount Currie,2023,299,74,79,141,"1,348","1,335","1,733"
Nakusp,2024,247,74,70,101,559,592,767
Tumbler Ridge,2019,464,74,91,299,740,729,745
Fanny Bay,2022,256,73,78,101,"1,383","1,528","1,920"
Harrison Hot Springs,2023,234,73,76,85,903,942,"1,419"
Logan Lake,2021,322,73,96,153,"1,103","1,232",100
Rossland,2024,259,73,74,112,587,758,"1,088"
Salmo,2019,261,73,69,119,"1,163","1,409",29
Salmo,2020,249,73,72,104,"1,242","1,282",19
Black Creek,2023,226,72,76,78,"1,272","1,493","1,937"
Cache Creek,2022,233,72,61,97,838,883,"1,142"
Chetwynd,2021,273,72,80,121,928,"1,062","1,385"
Chilliwack River Valley,2021,224,72,69,83,"1,399","1,334",772
Christina Lake,2024,175,72,42,61,"1,385","1,419","1,591"
Gitanmaax,2024,229,72,73,82,517,585,825
Malahat,2022,180,72,53,55,972,"1,155","1,389"
North Pender Island,2024,244,72,61,110,983,948,"1,387"
North Westside,2023,172,72,40,60,"2,165","2,415","3,083"
Shawnigan Lake,2021,394,72,130,192,728,850,"1,103"
Cowichan Bay,2023,237,71,67,99,817,923,"1,285"
Crofton,2019,247,71,74,102,"1,012",983,"1,243"
Gold River,2021,227,71,70,86,777,817,940
Mackenzie,2023,278,71,90,117,720,833,856
Pemberton,2022,210,71,51,84,549,617,721
Tumbler Ridge,2021,376,71,84,221,825,830,856
Chilliwack River Valley,2023,211,70,63,78,"1,237","1,716","2,179"
Denman Island,2024,195,70,55,69,832,"1,015","1,068"
Fernie,2022,390,70,143,177,530,633,698
Lake Errock,2024,194,70,45,77,"1,396","1,708","2,060"
Lower Nicola,2024,192,70,49,72,965,"1,098","1,484"
North Westside,2022,156,70,34,52,"2,145","2,325","2,895"
Pemberton,2018,239,70,49,120,533,636,815
Port McNeill,2019,221,70,48,103,597,520,611
Quathiaski Cove,2021,329,70,88,171,"1,354",106,149
Roberts Creek,2023,246,70,70,106,828,919,"1,163"
Salmo,2021,260,70,78,112,"1,246","1,172","1,438"
Bowser,2023,216,69,54,93,686,"1,021","1,585"
Cache Creek,2024,208,69,56,81,825,978,"1,278"
Invermere,2021,344,69,100,175,462,497,551
Logan Lake,2019,252,69,80,103,833,996,"1,163"
Mount Currie,2021,294,69,78,147,"1,234",25,218
Tappen,2021,207,69,57,81,"1,340","1,319",238
Tumbler Ridge,2020,426,69,95,262,855,866,873
Black Creek,2022,216,68,64,83,"1,295","1,502","1,885"
Coquihalla,2020,131,68,22,41,533,691,"1,196"
Cumberland,2021,328,68,114,146,567,643,883
Elkford,2023,177,68,52,56,988,"1,056","1,093"
Fraser Lake,2018,196,68,55,73,964,987,"1,231"
Halfmoon Bay,2024,231,68,74,89,"1,071","1,128","1,575"
Kamloops IR No 1,2019,233,68,74,91,763,779,"1,082"
Mackenzie,2022,279,68,81,128,706,747,820
North Pender Island,2023,284,68,106,106,"1,163","1,295","1,487"
Tachie,2021,219,68,66,85,"1,225","1,414",380
Cultus Lake,2019,206,67,57,82,"1,050","1,123",359
Logan Lake,2018,223,67,64,92,"1,027","1,049","1,179"
Quathiaski Cove,2018,274,67,72,135,"1,195","1,188",50
Sorrento,2024,167,67,43,57,"1,119","1,230","1,585"
Tachie,2024,166,67,49,48,"2,792","3,037","3,359"
Charlie Lake,2021,156,66,40,50,"1,162","1,079","1,403"
Clearwater,2022,278,66,85,125,517,642,781
Cowichan Bay,2022,231,66,60,104,817,866,"1,286"
Cultus Lake,2022,239,66,83,86,"1,111","1,319","2,028"
Fernie,2018,376,66,100,210,398,492,597
Madeira Park,2024,215,66,59,87,676,642,914
Mayne Island,2024,190,66,56,63,820,"1,203","1,434"
North Westside,2020,203,66,49,88,558,514,"1,302"
Tumbler Ridge,2018,525,66,117,342,792,806,783
Cache Creek,2020,237,65,66,106,847,860,"1,065"
Crofton,2022,299,65,96,135,"1,019","1,123","1,423"
Sorrento,2022,196,65,64,67,"1,183","1,288","1,552"
Taylor,2023,140,65,41,33,"1,172","1,045","1,457"
Clearwater,2023,227,64,64,97,528,534,760
Elkford,2024,187,64,55,67,902,958,"1,304"
Fernie,2021,370,64,122,184,482,556,674
Fruitvale,2018,273,64,80,129,"1,135","1,210","1,394"
Kaslo,2024,165,64,30,70,533,582,735
Kitamaat Village,2020,154,64,37,53,970,"1,026","1,168"
Mount Currie,2022,266,64,91,108,"1,168","1,367","1,645"
Otter Point,2023,183,64,54,65,901,"1,052","1,323"
Popkum,2021,209,64,65,80,879,863,"1,273"
Tappen,2022,216,64,53,98,"1,378","1,410","1,962"
Ashcroft,2019,331,63,97,171,471,488,557
Bella Bella,2024,150,63,35,49,730,802,978
Coombs,2023,170,63,52,54,754,820,"1,224"
Crofton,2020,273,63,80,130,942,982,"1,295"
Fernie,2019,345,63,92,190,439,459,573
Fernie,2020,339,63,90,186,440,500,595
Harrison Hot Springs,2020,274,63,84,127,839,935,"1,048"
Madeira Park,2023,218,63,73,82,959,799,"1,468"
Roberts Creek,2018,237,63,54,120,766,843,"1,097"
Rossland,2023,255,63,93,98,944,"1,137","1,355"
Shawnigan Lake,2020,354,63,115,176,724,921,"1,163"
Ashcroft,2020,298,62,94,142,536,498,586
Moberly Lake,2023,241,62,70,105,"1,355","1,569","1,829"
Popkum,2019,190,62,49,79,823,911,"1,026"
Popkum,2020,203,62,57,84,786,821,"1,120"
Port Renfrew,2024,233,62,86,81,754,"1,010","1,159"
Black Creek,2018,176,61,50,65,"1,301","1,378",362
Bowen Island,2020,338,61,98,179,"1,078","1,271",96
Bowser,2022,213,61,66,85,934,"1,089","1,501"
Denman Island,2023,209,61,53,91,"1,163","1,139","1,479"
Errington,2023,169,61,46,62,861,953,"1,417"
Hatzic,2023,196,61,69,65,"1,155","1,327","1,854"
Hazelton,2023,145,61,39,44,737,739,787
Tappen,2019,182,61,46,75,"1,231","1,332",160
Telkwa,2024,137,61,29,47,"1,189","1,137","1,849"
Valemount,2024,351,61,82,194,502,560,709
Blind Bay,2020,211,60,65,86,55,65,473
Bowen Island,2019,338,60,93,185,966,"1,085","1,363"
Cache Creek,2023,193,60,58,73,816,882,"1,245"
Charlie Lake,2022,133,60,29,44,"1,315","1,160","1,766"
Christina Lake,2021,167,60,40,67,"1,231","1,307",71
Clearwater,2018,187,60,44,83,599,624,729
Mackenzie,2021,264,60,62,142,972,850,"1,080"
Madeira Park,2019,272,60,82,130,903,932,"1,141"
Madeira Park,2020,212,60,52,100,"1,001","1,100","1,344"
Madeira Park,2022,207,60,66,80,917,991,"1,321"
Nakusp,2020,244,60,59,125,"1,038","1,098","1,256"
North Pender Island,2020,254,60,76,118,"1,156","1,230","1,412"
North Westside,2019,148,60,38,50,596,751,"1,025"
Pemberton,2021,224,60,63,101,661,700,813
Ucluelet,2023,230,60,82,87,891,870,"1,113"
Valemount,2022,315,60,80,168,865,888,968
Alert Bay,2023,265,59,91,111,"1,085","1,140","1,484"
Bowen Island,2021,332,59,94,179,"1,170","1,192",21
Fanny Bay,2019,269,59,72,138,"1,209","1,357",111
Gold River,2019,199,59,52,88,822,926,"1,276"
Hatzic,2021,170,59,50,61,"1,162","1,211",172
Invermere,2019,350,59,83,208,388,426,479
Lytton,2018,293,59,82,152,"1,163","1,082","1,234"
Masset,2021,231,59,60,112,"1,199","1,149","1,284"
Otter Point,2024,177,59,60,57,978,"1,263","1,343"
Pemberton,2020,235,59,58,118,567,548,816
Pemberton,2023,192,59,56,76,604,670,689
Witset,2023,153,59,43,51,"1,630","1,813","2,164"
Bowen Island,2018,288,58,86,144,"1,137","1,199","1,422"
Cache Creek,2021,236,58,70,108,793,869,"1,040"
Clearwater,2021,257,58,66,133,541,656,692
Cowichan Bay,2021,238,58,70,110,762,944,"1,166"
Cultus Lake,2020,221,58,69,94,"1,026","1,175",238
East Sooke,2024,135,58,39,37,"1,633","1,866","2,466"
Elkford,2022,204,58,58,87,941,"1,102","1,169"
Fanny Bay,2020,255,58,66,131,"1,111","1,140",101
Gitanmaax,2022,216,58,60,95,571,678,698
Gitwangak,2023,156,58,45,50,"2,385","2,529","2,922"
Hatzic,2020,177,58,49,70,958,873,1
Madeira Park,2018,204,58,61,85,858,"1,064","1,072"
Pouce Coupe,2019,169,58,70,41,760,794,"1,070"
Roberts Creek,2020,275,58,93,124,791,882,"1,076"
Sayward,2024,174,58,42,73,"1,179","1,297","1,623"
Barriere,2020,264,57,86,121,499,496,570
Boston Bar,2024,206,57,51,97,808,831,"1,111"
Clearwater,2019,217,57,68,92,556,550,729
Errington,2022,158,57,43,58,870,990,"1,379"
Lower Nicola,2019,168,57,34,77,795,879,"1,025"
Penelakut Island,2024,225,57,39,127,"1,130","1,165","1,555"
Quathiaski Cove,2022,326,57,121,145,"1,322","1,419","1,587"
Rossland,2018,242,57,59,126,"1,369","1,400",262
Ucluelet,2024,214,57,63,93,652,631,"1,052"
Chilliwack River Valley,2019,179,56,51,72,"1,026","1,204",307
Clinton,2024,155,56,42,55,472,514,593
Coombs,2024,150,56,36,56,808,860,"1,131"
Coquihalla,2019,99,56,14,29,564,964,"1,289"
Harrison Hot Springs,2019,260,56,88,116,777,846,"1,148"
Hatzic,2019,168,56,51,61,"1,126","1,091",0
Mackenzie,2020,194,56,52,86,858,943,"1,010"
Nakusp,2021,234,56,60,118,917,"1,059","1,023"
Port McNeill,2021,246,56,58,132,504,575,764
Quathiaski Cove,2020,280,56,94,130,29,245,366
Roberts Creek,2021,259,56,80,123,821,853,"1,117"
Valemount,2018,367,56,74,237,761,803,857
Black Creek,2019,201,55,55,91,"1,219",10,373
Cache Creek,2018,212,55,59,98,781,863,"1,120"
Chilliwack River Valley,2018,203,55,55,93,"1,040","1,155",283
Chilliwack River Valley,2022,185,55,72,57,"1,085","1,453","2,034"
Crofton,2021,265,55,81,129,955,"1,075","1,313"
Errington,2021,203,55,64,84,899,971,"1,316"
Fraser Lake,2024,199,55,60,83,727,786,996
Halfmoon Bay,2020,184,55,45,84,929,"1,147","1,242"
Malahat,2023,153,55,54,42,984,"1,102","1,733"
Pineview FFG,2018,153,55,43,55,874,"1,018","1,341"
Tachie,2022,180,55,51,73,"2,746","2,950","3,180"
Ucluelet,2022,237,55,78,104,819,"1,046","1,131"
Boston Bar,2022,160,54,38,67,"1,103","1,239","1,271"
Boston Bar,2023,181,54,49,78,834,"1,004","1,226"
Cowichan Bay,2020,210,54,66,90,786,808,"1,121"
Galiano Island,2024,258,54,58,141,"1,175","1,676","2,053"
Gold River,2024,178,54,52,71,478,602,890
New Hazelton,2020,192,54,55,83,729,779,861
Sorrento,2023,152,54,49,49,"1,134","1,252","1,589"
Cawston,2023,164,53,40,70,742,805,966
Charlie Lake,2023,171,53,62,54,"1,234","1,124","1,798"
Chetwynd,2018,224,53,61,110,517,593,570
Coombs,2021,132,53,29,50,686,760,"1,020"
Cowichan Bay,2018,194,53,50,91,670,820,"1,013"
Fanny Bay,2018,204,53,60,91,"1,179","1,309",2
Harrison Hot Springs,2018,231,53,58,120,848,988,"1,221"
Kaleden,2020,151,53,40,58,"1,071","1,136","1,299"
Kaleden,2023,147,53,36,57,919,"1,076","1,364"
Sayward,2022,136,53,38,45,"1,763","1,764","1,975"
Tappen,2020,196,53,42,101,"1,358","1,300",157
Taylor,2024,134,53,35,44,"1,143","1,238","1,524"
Witset,2024,176,53,54,65,"1,664","1,764","2,126"
Big White,2023,278,52,73,152,"2,919","3,110","3,605"
Bowser,2020,208,52,65,91,642,645,"1,101"
Charlie Lake,2018,130,52,26,52,"1,094",971,105
Charlie Lake,2020,114,52,21,41,"1,205","1,251",114
Clearwater,2020,232,52,56,124,574,586,653
Coldwater,2024,136,52,32,49,858,"1,035","1,171"
Greenwood,2024,137,52,32,52,540,524,"1,117"
Invermere,2020,308,52,103,153,464,474,537
Kaleden,2022,155,52,44,58,895,"1,223","1,447"
Lac La Hache,2024,116,52,22,41,"1,455","1,467","1,805"
Lone Butte,2024,130,52,31,47,"1,031","1,114","1,516"
Rossland,2019,237,52,62,123,"1,255","1,246",5
Rossland,2021,241,52,62,127,"1,063","1,386",373
Rossland,2022,229,52,74,103,952,"1,095","1,404"
Blind Bay,2019,190,51,51,88,29,28,336
Bowser,2019,202,51,60,91,559,520,776
Clinton,2023,167,51,39,76,735,728,"1,022"
Fraser Lake,2023,208,51,57,99,"1,261","1,365","1,783"
Granisle,2024,157,51,49,57,"1,063","1,304","1,234"
Moricetown - Witset FN,2020,171,51,41,79,212,255,551
Nakusp,2023,183,51,56,76,642,589,750
New Hazelton,2024,153,51,46,53,794,850,"1,084"
Popkum,2018,187,51,52,84,903,"1,029","1,200"
Roberts Creek,2022,243,51,81,110,801,916,"1,157"
Salmo,2018,296,51,94,151,"1,141","1,239","1,414"
Valemount,2023,300,51,77,163,460,518,666
Warfield,2023,135,51,34,49,662,748,"1,044"
Alert Bay,2022,234,50,78,105,"1,219","1,205","1,379"
Crofton,2018,254,50,73,131,928,944,"1,206"
Gitanmaax,2019,206,50,54,102,523,486,622
Hatzic,2022,189,50,66,73,"1,306","1,392","1,689"
Kitamaat Village,2021,140,50,29,61,957,"1,044","1,107"
North Pender Island,2021,243,50,77,116,"1,076","1,145","1,397"
North Pender Island,2022,220,50,76,92,"1,165","1,272","1,509"
Ucluelet,2020,200,50,61,89,922,"1,074","1,212"
Erickson,2024,138,49,36,51,851,810,934
Gitanmaax,2023,224,49,70,104,569,598,689
Lake Errock,2019,160,49,44,67,44,3,521
Malahat,2019,134,49,35,50,923,"1,063","1,306"
North Westside,2018,160,49,43,68,416,569,839
Radium Hot Springs,2024,135,49,35,49,"1,194","1,285","1,629"
Tappen,2018,161,49,44,68,"1,075","1,365",221
Coldwater,2023,122,48,28,46,934,"1,119","1,312"
Cowichan Bay,2019,183,48,43,92,801,772,"1,068"
Fort Nelson,2018,229,48,66,115,428,415,445
Fraser Lake,2021,201,48,58,95,"1,160","1,192","1,399"
Gold River,2018,169,48,40,81,817,897,"1,143"
Halfmoon Bay,2021,212,48,63,101,947,"1,126","1,371"
Kispiox,2021,128,48,29,51,"1,221",144,29
Lower Nicola,2021,146,48,34,64,780,815,"1,101"
Madeira Park,2021,218,48,59,111,"1,017","1,164","1,340"
Penelakut Island,2022,179,48,50,78,"1,263","1,455","1,603"
Port McNeill,2018,213,48,76,89,796,544,625
Sayward,2023,157,48,50,59,"1,733","1,448","1,639"
Sun Peaks,2024,213,48,74,88,"2,628","2,965","3,494"
108 Mile Ranch,2023,156,47,42,66,967,"1,048","1,183"
Big White,2024,275,47,102,124,"3,081","3,211","3,576"
Coquihalla,2021,79,47,12,20,626,834,749
Denman Island,2021,220,47,65,108,"1,032","1,174",71
Gitanmaax,2021,186,47,55,84,530,658,705
Gitwangak,2024,133,47,33,53,"2,285","2,605","2,909"
Gold River,2023,159,47,56,53,774,"1,087","1,329"
Halfmoon Bay,2022,172,47,63,61,"1,063","1,130","1,422"
Nakusp,2018,190,47,36,107,738,691,"1,035"
Port McNeill,2020,231,47,75,109,480,587,631
Rossland,2020,242,47,60,135,"1,243","1,226",100
Valemount,2019,347,47,76,224,783,820,852
Boston Bar,2021,203,46,54,103,"1,193","1,171",78
Cawston,2022,159,46,36,77,689,"1,164","1,037"
East Sooke,2018,151,46,47,58,37,94,641
Granisle,2023,160,46,44,68,908,"1,178","1,106"
Malahat,2021,147,46,44,57,982,"1,012","1,229"
Ucluelet,2019,221,46,65,110,908,969,"1,042"
Christina Lake,2019,120,45,27,48,"1,329","1,354",173
Denman Island,2022,183,45,56,81,878,"1,174","1,523"
Erickson,2022,142,45,36,60,739,869,"1,089"
Hornby Island,2024,145,45,30,69,"1,597","1,551","2,216"
Kaleden,2018,150,45,37,68,901,"1,147","1,279"
Lower Nicola,2022,161,45,50,65,850,874,"1,258"
Malahat,2018,136,45,34,57,947,"1,102","1,263"
Malahat,2020,138,45,27,66,877,985,"1,247"
Pouce Coupe,2018,139,45,33,61,746,795,"1,128"
Radium Hot Springs,2021,160,45,51,64,"1,128","1,176","1,388"
Tachie,2020,166,45,42,79,"1,283","1,327",211
Blind Bay,2018,198,44,64,90,"1,375",24,354
Christina Lake,2020,138,44,26,68,"1,362",18,168
Christina Lake,2023,138,44,37,56,"1,342","1,335","1,710"
East Sooke,2023,156,44,54,56,"1,491","1,839","2,471"
Errington,2018,176,44,59,73,718,796,"1,107"
Errington,2020,186,44,48,94,813,816,"1,098"
Hazelton,2019,138,44,35,59,504,463,588
Lone Butte,2023,121,44,28,49,"1,079","1,123","1,410"
Lower Nicola,2020,149,44,38,67,894,838,"1,125"
Lower Nicola,2023,175,44,66,63,951,"1,069","1,232"
Mackenzie,2019,190,44,49,97,939,885,"1,059"
Nakusp,2019,219,44,55,120,902,907,"1,064"
Pender Island,2024,149,44,41,62,"3,441","3,755","3,968"
Pouce Coupe,2021,147,44,39,64,723,772,899
Roberts Creek,2019,219,44,72,103,776,842,"1,013"
Sorrento,2020,154,44,36,74,"1,102","1,297","1,419"
Ucluelet,2018,211,44,57,110,844,856,976
Warfield,2024,136,44,36,56,701,747,965
Boston Bar,2020,178,43,52,83,"1,121","1,025",136
Christina Lake,2022,157,43,50,63,"1,413","1,500","1,682"
Elkford,2020,197,43,54,100,"1,177","1,038","1,172"
Fraser Lake,2022,254,43,86,124,"1,195","1,347","1,989"
108 Mile Ranch,2022,152,42,47,61,987,"1,050","1,254"
Boston Bar,2019,157,42,43,72,875,"1,089","1,356"
Bowser,2021,201,42,64,95,848,"1,039","1,274"
Erickson,2018,134,42,33,59,696,747,824
Fraser Lake,2019,150,42,36,72,"1,077","1,045","1,274"
Greenwood,2023,119,42,33,43,"1,035",736,995
Kispiox,2022,150,42,42,66,"1,269","1,336","1,595"
Kitamaat Village,2024,147,42,46,58,"1,079","1,107","1,342"
Lac La Hache,2020,146,42,38,66,"1,361",48,386
Lake Errock,2023,137,42,37,57,"1,314","1,581","2,039"
Lee Creek,2020,145,42,55,48,"1,055","1,193","1,328"
Lee Creek,2021,140,42,40,58,"1,089","1,177","1,314"
Sayward,2019,121,42,30,49,"1,114","1,379","1,396"
Telkwa,2019,145,42,49,54,"1,224","1,094","1,379"
Big White,2022,287,41,69,176,"2,820","3,395","3,465"
Cawston,2018,106,41,24,41,750,690,906
Coldwater,2022,122,41,34,46,"1,120","1,219","1,230"
Fraser Lake,2020,162,41,44,77,"1,118","1,080","1,328"
Hatzic,2018,160,41,42,77,"1,052","1,061","1,287"
Telkwa,2023,128,41,39,47,"1,198","1,190","1,590"
Ucluelet,2021,204,41,62,101,996,"1,018","1,176"
Clinton,2018,131,40,28,63,"1,019","1,202",149
Coombs,2022,148,40,58,50,790,836,"1,267"
East Sooke,2019,132,40,45,47,"1,345",100,489
Hazelton,2024,122,40,24,55,606,769,719
Kaleden,2024,116,40,37,38,936,"1,095","1,826"
Lac La Hache,2022,132,40,42,50,"1,550","1,781","2,230"
Moberly Lake,2024,143,40,51,51,"1,389","1,775","1,872"
Nakusp,2022,178,40,62,75,"1,031","1,028","1,569"
North Westside,2021,142,40,41,61,247,742,915
Warfield,2022,144,40,42,61,679,796,"1,063"
Cawston,2021,151,39,43,69,898,909,907
Galiano Island,2021,189,39,60,90,90,126,295
Galiano Island,2023,187,39,51,92,"1,941","1,528","1,970"
Gitanmaax,2018,162,39,39,84,440,564,628
Kaleden,2021,143,39,38,66,942,"1,057","1,245"
Lac La Hache,2018,101,39,21,41,97,98,528
Lac La Hache,2021,122,39,31,52,"1,401",206,483
Lac La Hache,2023,117,39,38,40,"1,646","1,635","1,856"
Penelakut Island,2023,181,39,54,84,995,"1,039","1,256"
Sorrento,2019,140,39,38,63,"1,067","1,133","1,404"
Taylor,2022,147,39,46,62,"1,187","1,374","1,599"
Black Creek,2020,198,38,55,105,"1,430",90,418
Bowser,2018,180,38,51,91,753,717,"1,033"
Cawston,2019,121,38,29,54,787,715,990
Cawston,2020,126,38,31,57,759,898,868
Gold River,2022,152,38,39,74,606,"1,074","1,324"
Hazelton,2020,111,38,29,44,505,606,606
Kispiox,2024,113,38,22,53,"1,139","1,796","1,748"
Lytton,2019,175,38,33,104,"1,146",956,"1,228"
Mayne Island,2022,183,38,65,73,"1,225","1,237","1,516"
Royston,2018,127,38,27,62,774,747,"1,023"
Sointula,2024,161,38,49,73,929,904,"1,369"
Telkwa,2018,132,38,28,66,910,"1,132","1,307"
Telkwa,2022,135,38,44,53,"1,136","1,241","1,544"
Valemount,2020,316,38,62,216,806,917,896
Big White,2019,231,37,51,143,16,"1,150","1,329"
Cache Creek,2019,213,37,62,114,780,852,986
Elkford,2021,164,37,48,79,"1,036","1,082","1,312"
Erickson,2020,136,37,37,62,768,752,875
Greenwood,2022,120,37,32,50,903,922,"1,728"
Hazelton,2022,125,37,35,51,696,623,773
Mackenzie,2018,171,37,46,88,979,924,"1,004"
Otter Point,2022,161,37,56,66,793,930,"1,155"
Pineview FFG,2019,120,37,32,51,914,981,"1,405"
Pineview FFG,2021,96,37,25,34,907,"1,165",9
Port Renfrew,2022,163,37,45,74,"1,320","1,636","2,030"
Tachie,2019,134,37,38,59,"1,342","1,146",73
Charlie Lake,2019,102,36,25,41,996,962,"1,337"
Coombs,2019,174,36,53,85,665,708,880
Cultus Lake,2018,196,36,65,95,993,"1,235",130
East Sooke,2020,145,36,44,65,60,283,416
Erickson,2021,112,36,28,48,678,898,967
Kaslo,2023,121,36,31,52,"1,157",859,"1,267"
Kispiox,2023,123,36,38,49,"1,130","1,524","1,682"
Kitamaat Village,2022,130,36,36,57,"1,058","1,053","1,281"
Lone Butte,2022,112,36,33,42,"1,156","1,200","1,482"
Mayne Island,2023,189,36,59,91,"1,115","1,263","1,559"
New Hazelton,2021,158,36,44,78,800,803,948
North Pender Island,2018,202,36,59,107,"1,323","1,231",133
Pineview FFG,2020,117,36,24,57,916,947,79
Royston,2021,131,36,39,56,690,824,971
Telkwa,2020,125,36,42,47,985,"1,120","1,277"
Warfield,2020,117,36,30,51,686,719,831
108 Mile Ranch,2020,148,35,58,55,912,955,"1,183"
Elkford,2019,142,35,41,66,"1,173","1,036","1,240"
Gitwangak,2019,133,35,34,64,459,751,911
Halfmoon Bay,2019,164,35,35,94,847,"1,148","1,361"
North Shore,2020,121,35,43,43,762,965,"1,047"
Radium Hot Springs,2020,112,35,28,49,"1,100","1,098",3
Radium Hot Springs,2022,131,35,47,49,"1,143","1,165","1,391"
Sayward,2021,124,35,44,45,121,249,94
Sun Peaks,2019,244,35,55,154,11,"1,327",314
Telkwa,2021,126,35,41,50,"1,024","1,266","1,274"
Valemount,2021,311,35,76,200,909,825,918
Witset,2022,114,35,32,47,"1,740","1,850","2,301"
108 Mile Ranch,2021,108,34,31,43,878,997,"1,165"
Bella Bella,2023,122,34,38,49,"1,117","1,119","1,295"
Big White,2020,204,34,62,108,161,45,410
Elkford,2018,141,34,35,72,966,"1,039","1,327"
Errington,2019,155,34,44,77,768,869,"1,071"
Lake Errock,2021,146,34,54,58,68,53,554
Moricetown - Witset FN,2018,152,34,40,78,303,171,564
Moricetown - Witset FN,2019,120,34,28,58,44,258,542
North Pender Island,2019,198,34,54,110,"1,148","1,393",87
North Shore,2018,138,34,43,61,781,883,"1,055"
Otter Point,2019,143,34,43,66,838,977,"1,036"
Otter Point,2021,157,34,45,78,"1,173","1,005",981
Radium Hot Springs,2023,118,34,46,36,"1,134","1,165","1,381"
Balfour,2020,112,33,27,52,180,294,602
Coombs,2018,170,33,46,91,653,643,890
Denman Island,2020,191,33,48,110,"1,318","1,361",9
Fort Fraser,2023,113,33,35,45,"1,671","1,733","2,601"
Fort Fraser,2024,106,33,28,45,"1,381","1,387","2,182"
Galiano Island,2018,178,33,51,94,"1,339","1,399",253
Galiano Island,2022,196,33,66,93,"1,681","1,741","1,934"
Gitwangak,2020,139,33,40,66,520,729,"1,100"
Pender Island,2023,135,33,51,50,"3,242","3,437","3,320"
Royston,2020,115,33,30,52,686,801,892
Sointula,2022,123,33,28,62,950,889,"1,343"
Balfour,2018,121,32,37,52,93,186,500
Christina Lake,2018,117,32,32,53,65,53,220
Gitanmaax,2020,151,32,41,78,491,557,643
Gitwangak,2018,126,32,34,60,529,777,"1,022"
Halfmoon Bay,2018,140,32,36,72,990,"1,107","1,236"
Lower Nicola,2018,151,32,54,65,843,961,"1,169"
Mayne Island,2018,180,32,59,89,"1,207","1,245","1,404"
New Hazelton,2022,133,32,38,63,714,857,"1,040"
Otter Point,2018,140,32,40,68,886,859,"1,055"
Otter Point,2020,171,32,53,86,935,860,"1,163"
Warfield,2018,110,32,31,47,634,715,879
East Sooke,2022,113,31,37,44,"1,638","1,560","2,228"
Hornby Island,2019,165,31,45,89,145,78,166
Kispiox,2018,131,31,31,69,"1,139","1,082","1,234"
Lake Errock,2022,114,31,30,53,"1,704","1,753","2,305"
Lee Creek,2019,81,31,19,31,"1,041","1,279","1,320"
Port Renfrew,2023,152,31,39,80,"1,252","1,512","1,947"
Bella Bella,2022,123,30,43,49,988,"1,022","1,410"
Fort Fraser,2022,141,30,46,65,"1,755","1,750","2,420"
Granisle,2022,126,30,42,54,"1,330",975,"1,321"
Hazelton,2021,133,30,49,54,550,679,844
Kaslo,2022,126,30,49,47,"1,156","1,339","1,370"
Lac La Hache,2019,117,30,31,56,97,44,381
Midway,2019,202,30,44,128,811,746,919
North Shore,2021,116,30,30,56,853,825,"1,027"
Sayward,2020,118,30,28,60,"1,369",277,319
Sointula,2023,143,30,54,58,947,"1,069","1,612"
Sun Peaks,2022,206,30,67,108,"3,038","3,168","3,607"
Sun Peaks,2023,175,30,70,73,"2,760","3,195","3,777"
Warfield,2019,123,30,43,50,612,682,840
108 Mile Ranch,2019,122,29,30,63,902,956,"1,093"
Erickson,2019,96,29,25,42,922,700,859
Erickson,2023,114,29,34,51,700,750,"1,017"
Highlands,2020,123,29,34,60,879,"1,018","1,429"
Lee Creek,2018,103,29,27,47,952,"1,210","1,256"
Mayne Island,2019,170,29,49,92,"1,277","1,302",29
New Hazelton,2019,139,29,36,74,687,711,840
Penelakut Island,2019,123,29,33,61,"1,000","1,428",407
Penelakut Island,2021,169,29,28,112,"1,294",54,"1,399"
Sayward,2018,114,29,31,54,"1,157",999,270
Sorrento,2021,196,29,53,114,"1,099","1,143","1,357"
Warfield,2021,124,29,34,61,657,763,"1,006"
East Sooke,2021,102,28,37,37,145,220,775
Kitamaat Village,2023,122,28,38,55,"1,025","1,071","1,258"
Midway,2018,202,28,46,128,913,791,836
New Hazelton,2023,132,28,43,59,730,880,944
North Shore,2019,118,28,32,58,703,839,863
Radium Hot Springs,2019,114,28,36,50,"1,092","1,129","1,355"
Boston Bar,2018,165,27,40,98,"1,015",943,"1,276"
Clinton,2019,126,27,39,60,"1,108","1,113","1,141"
Coombs,2020,153,27,30,96,692,719,931
Kispiox,2020,126,27,39,60,"1,114","1,248","1,398"
Moberly Lake,2021,132,27,36,69,552,731,969
Moberly Lake,2022,173,27,33,109,"1,384","1,449","1,833"
Tachie,2018,104,27,30,47,"1,242","1,159",8
Big White,2018,249,26,70,153,"1,238","1,424",417
Galiano Island,2019,164,26,48,90,134,543,496
Highlands,2018,110,26,34,50,891,"1,037","1,362"
Lake Errock,2018,113,26,34,53,"1,386",93,381
Lake Errock,2020,138,26,50,62,"1,285",19,443
Clinton,2022,147,25,44,77,"1,428","2,146","2,096"
Galiano Island,2020,166,25,44,97,"1,346",190,498
Hazelton,2018,107,25,28,54,561,471,582
Highlands,2019,107,25,35,47,765,975,103
Hornby Island,2023,142,25,43,72,"1,556","1,713","2,031"
Kaleden,2019,105,25,27,53,"1,005","1,001","1,246"
Mayne Island,2020,125,25,43,57,"1,269","1,317",58
Sorrento,2018,108,25,29,54,"1,057","1,051","1,253"
West Fernie,2018,138,25,21,92,858,694,884
Balfour,2019,115,24,32,59,141,134,415
Balfour,2021,114,24,40,50,271,204,489
Clinton,2021,140,24,41,75,96,"1,214",771
Gitwangak,2022,146,24,47,73,"2,500","2,645","2,872"
Hornby Island,2018,133,24,48,61,636,342,800
Mayne Island,2021,157,24,59,74,"1,341","1,327",125
Moricetown - Witset FN,2021,147,24,47,76,221,293,505
West Fernie,2019,118,24,21,73,700,717,883
108 Mile Ranch,2018,122,23,38,61,852,972,"1,235"
Bella Bella,2021,122,23,45,54,"1,224","1,244",70
Hornby Island,2021,141,23,41,77,270,354,"1,266"
Kitamaat Village,2019,111,23,24,64,899,999,"1,131"
Midway,2020,139,23,38,78,900,908,"1,014"
New Hazelton,2018,119,23,30,66,777,630,879
Penelakut Island,2020,150,23,38,89,"1,185","1,230",28
Radium Hot Springs,2018,73,23,17,33,"1,073","1,075","1,223"
Royston,2019,85,23,21,41,659,779,"1,029"
Sun Peaks,2018,225,23,42,160,182,"1,107",113
Bella Bella,2018,111,22,39,50,70,52,"1,279"
Bella Bella,2019,115,22,36,57,"1,292","1,342",16
Big White,2021,177,22,50,105,"1,400",7,651
Clinton,2020,121,22,37,62,"1,357","1,035","1,373"
Kispiox,2019,101,22,21,58,"1,070","1,209","1,238"
Moberly Lake,2019,135,22,31,82,"1,314","1,272",176
Port Renfrew,2019,107,22,20,65,"1,206","1,331",42
West Fernie,2023,150,22,38,89,928,937,"1,065"
Denman Island,2018,126,21,48,57,"1,354","1,389",69
Port Renfrew,2020,91,21,23,47,"1,252",50,9
Port Renfrew,2021,170,21,48,101,"1,147",326,314
Denman Island,2019,209,20,48,141,"1,374","1,431",52
Gitwangak,2021,87,20,22,45,872,"1,129","1,098"
Highlands,2021,140,20,38,82,848,"1,020",89
Hornby Island,2022,138,19,41,76,"1,536","1,900","2,267"
Midway,2021,131,19,33,79,848,"1,190","1,148"
Moberly Lake,2018,78,19,23,36,116,"1,417",365
Pender Island,2022,88,19,22,44,"3,515","3,029","3,507"
Port Renfrew,2018,120,19,39,62,942,"1,158",215
Sun Peaks,2021,181,19,53,109,"1,369",27,564
West Fernie,2024,126,19,31,73,791,841,"1,233"
Bella Bella,2020,126,18,49,59,"1,104","1,315","1,316"
West Fernie,2022,120,18,31,71,668,"1,105",946
Moberly Lake,2020,136,17,37,82,"1,429",355,648
Penelakut Island,2018,114,17,35,62,772,39,92
West Fernie,2020,116,17,31,68,671,772,940
Hornby Island,2020,116,16,32,68,"1,367",232,"1,092"
West Fernie,2021,103,15,25,63,917,797,999
Sun Peaks,2020,182,14,40,128,"1,185","1,230",405
Kitamaat Village,2018,143,13,29,101,932,"1,011","1,103"
Lytton,2021,57,13,15,29,"1,181","1,293","1,180"
Lytton,2020,83,12,21,50,"1,142","1,086","1,212"